"Horodateur","Sexe ","Faculté / École (à l'UL) ","Niveau d'études ","Au cours de vos études, vous êtes-vous déjà senti(e) en conflit ou en doute majeur entre un enseignement académique (Théorie de l'évolution, Philosophie, Bioéthique, etc.) et vos convictions chrétiennes ?","Quelle est la principale source de tension ou de doute ?","Comment gérez-vous principalement cette tension ?","Êtes-vous d'accord avec l'idée que l'absence d'un ancrage éthique fort peut conduire un étudiant brillant à l'UL à manquer d'intégrité (corruption, tricherie) ?","Pensez-vous que la Foi chrétienne est un facteur d'Excellence académique (discipline, résilience, intégrité) ?","Avez-vous déjà refusé une occasion de tricher ou de recourir à des moyens illégaux à cause de vos convictions chrétiennes ?","Comment les réunions ou enseignements de J² / ou autres associations chrétiennes universitaire ont-ils le plus influencé votre FOI ?","Comment les réunions ou enseignements de J² /ou autres associations chrétiennes universitaire  ont-ils le plus influencé votre VIE UNIVERSITAIRE ?","À quelle fréquence participez-vous aux activités des associations chrétiennes universitaires (J2, Christian Fellowship, GBU, etc.) ?","Quels types d'activités organisées par J² (ou des associations similaires) vous sont les plus utiles dans votre vie universitaire ?","Avez-vous déjà reçu un conseil spécifique de la part d'un responsable (pasteur, aîné(e), professeur chrétien) pour vous aider à concilier Foi et exigences académiques ?","Êtes-vous d'accord que la présence d'associations comme J² contribue à améliorer l'atmosphère générale (discipline, respect) sur le campus de l'UL ?","Avez-vous déjà invité un camarade non-membre à participer à une activité de J² (pour le soutien académique ou moral) ?","(OPTIONNEL) Si vous souhaitez témoigner (anonymement) : Racontez en quelques lignes une anecdote où votre Foi vous a aidé(e) à surmonter un défi académique ou un dilemme éthique."
"2025/12/15 8:00:52 AM UTC+0","Femme","Faculté de Droit (FDD)","Licence 3","Oui, une ou deux fois","Le rationalisme et l'absence de références spirituelles en cours","Je compartimente (j'applique la Science en cours et la Foi le reste du temps).","4","4","Oui","Ils m'ont donné plus de certitude face au doute (Foi vs Science).","Ils m'ont motivé à viser l'excellence académique (notes).","Régulièrement (au moins 2 fois par mois)","Les séminaires/enseignements thématiques (sur l'éthique, le leadership, la gestion du temps).","Oui","1","Oui, régulièrement.","Plusieurs fois, l'idée m'est venue d'abandonner, mais chaque occasion que j'ai eu a suivre un séminaire, un enseignement chrétiens sur le jeune chrétien : un jeune sans limite , l'idée d'abandonner m'à quitter et aujourd'hui je suis plus déterminés qu'à jamais a m'enfoncer dans Les études. Et a y arriver jusqu'au bout. "
"2025/12/15 10:51:59 AM UTC+0","Homme","Faculté de Droit (FDD)","Licence 3","Oui, souvent (au moins 5 fois)","De ma réussite académique ","Je lis des ouvrages chrétiens qui parlent de Foi & Science.","5","5","Oui","Ils m'ont donné plus de certitude face au doute (Foi vs Science).","Ils m'ont motivé à viser l'excellence académique (notes).","Occasionnellement (moins d'une fois par mois)","Les moments de prière/dévotion (pour la stabilité spirituelle).","Non","5","Non, jamais.","j’ai validé,  beaucoup de matière,  que les gens disaient que c’est compliqué grace aux enseignement concernant la foi  et l’éthique "
"2025/12/15 12:12:08 PM UTC+0","Homme","Faculté des Sciences de la Santé (FSS)","Master / Doctorat","Oui, une ou deux fois","Les théories scientifiques (Évolution, Géologie)","J'en parle à un responsable de ma J2 ou à un pasteur.;Je lis des ouvrages chrétiens qui parlent de Foi & Science.;Je compartimente (j'applique la Science en cours et la Foi le reste du temps).","4","4","Oui","Ils m'ont donné plus de certitude face au doute (Foi vs Science).","Ils m'ont motivé à viser l'excellence académique (notes).;Ils ont renforcé mon intégrité et mon refus de tricherie/corruption.;Ils m'ont donné des conseils pratiques en gestion du temps et organisation.;Ils m'ont fourni un réseau de soutien (entraide académique et morale).;Ils m'ont aidé à développer des qualités de leadership.","Très régulièrement (chaque semaine)","Les moments de prière/dévotion (pour la stabilité spirituelle).;Les séminaires/enseignements thématiques (sur l'éthique, le leadership, la gestion du temps).;L'entraide académique (travaux en groupe, partages de notes).;Le mentorat (conseils des aînés ou professeurs chrétiens).","Oui","5","Oui, régulièrement.","J'ai connu Jeunesse en Jésus en deuxième année de médecine, j'ai fait la rencontre des aînés de J² au sein de la même faculté qui ont été des repères et un soutien pour moi dans mon parcours à la faculté , et dès fois pour certains conseils du côté familiale et relationnelles ( amical) 
À J² j'ai eu à rencontrer des amis avec qui nous avions créé un groupe de travail d'ensemble qui m'ont permis de mieux préparer mes devoirs et examens 


Aujourd'hui je suis le président de jeunesse en Jésus Section Campus, à cause des multiples formations à travers séminaires , camp de retraite, et réunion de section qui ont contribué à développer mon leadership et des aînés qui nous ont motivé à travers leur sens d'écoute et de confiance en la jeunesse et je rend grâce à Dieu pour cela 
"
"2025/12/15 6:11:47 PM UTC+0","Femme","Faculté des Sciences Économiques et de Gestion (FASEG)","Licence 3","Oui, une ou deux fois","Les questions de Philosophie ou de Morale","J'en parle à un responsable de ma J2 ou à un pasteur.","5","4","Oui","Ils m'ont aidé à trouver un sens à ma vie au-delà des études.","Ils m'ont motivé à viser l'excellence académique (notes).","Occasionnellement (moins d'une fois par mois)","Le mentorat (conseils des aînés ou professeurs chrétiens).","Oui","4","Oui, une fois.",""
"2025/12/17 7:30:34 PM UTC+0","Homme","Faculté des Sciences de la Santé (FSS)","Master / Doctorat","Oui, une ou deux fois","Les questions de Bioéthique (Avortement, Clonage)","Suivre des formations de bioéthique chrétien ","4","5","Je ne souhaite pas répondre","Ils m'ont donné plus de certitude face au doute (Foi vs Science).;Ils m'ont aidé à mieux interpréter la Bible face aux théories modernes.;Ils ont renforcé ma discipline personnelle (prière, lecture biblique).;Ils m'ont aidé à trouver un sens à ma vie au-delà des études.","Ils m'ont motivé à viser l'excellence académique (notes).;Ils ont renforcé mon intégrité et mon refus de tricherie/corruption.;Ils m'ont donné des conseils pratiques en gestion du temps et organisation.;Ils m'ont fourni un réseau de soutien (entraide académique et morale).;Ils m'ont aidé à développer des qualités de leadership.","Occasionnellement (moins d'une fois par mois)","Les moments de prière/dévotion (pour la stabilité spirituelle).;Les séminaires/enseignements thématiques (sur l'éthique, le leadership, la gestion du temps).;Le mentorat (conseils des aînés ou professeurs chrétiens).","Oui","5","Oui, une fois.","C'est grâce à la foi en Dieu que j'arrive à surmonter mon stress car tout vient de Dieu et ma vie dépend de lui
"
"2025/12/18 1:07:31 PM UTC+0","Femme","Faculté des Sciences Économiques et de Gestion (FASEG)","Licence 3","Oui, souvent (au moins 5 fois)","Les théories scientifiques (Évolution, Géologie)","J'en parle à un responsable de ma J2 ou à un pasteur.","4","5","Oui","Ils m'ont aidé à trouver un sens à ma vie au-delà des études.","Ils m'ont motivé à viser l'excellence académique (notes).;Ils m'ont donné des conseils pratiques en gestion du temps et organisation.;Ils m'ont aidé à développer des qualités de leadership.","Occasionnellement (moins d'une fois par mois)","Les moments de prière/dévotion (pour la stabilité spirituelle).","Oui","5","Oui, une fois.",""
"2025/12/19 8:46:37 AM UTC+0","Homme","Faculté des Lettres, Langues et Arts (FLLA)","Licence 1-2","Oui, une ou deux fois","Le rationalisme et l'absence de références spirituelles en cours","J'en parle à un responsable de ma J2 ou à un pasteur.","3","5","Je ne souhaite pas répondre","Ils ont renforcé ma discipline personnelle (prière, lecture biblique).","Ils m'ont motivé à viser l'excellence académique (notes).","Très régulièrement (chaque semaine)","Les moments de prière/dévotion (pour la stabilité spirituelle).","Oui","5","Oui, une fois.",""
"2025/12/19 4:43:44 PM UTC+0","Femme","Faculté des Lettres, Langues et Arts (FLLA)","Licence 1-2","Oui, souvent (au moins 5 fois)","Les théories scientifiques (Évolution, Géologie)","Je lis des ouvrages chrétiens qui parlent de Foi & Science.","5","5","Oui","Ils ont renforcé ma discipline personnelle (prière, lecture biblique).;Ils m'ont aidé à trouver un sens à ma vie au-delà des études.","Ils m'ont motivé à viser l'excellence académique (notes).;Ils ont renforcé mon intégrité et mon refus de tricherie/corruption.;Ils m'ont donné des conseils pratiques en gestion du temps et organisation.;Ils m'ont fourni un réseau de soutien (entraide académique et morale).;Ils m'ont aidé à développer des qualités de leadership.","Occasionnellement (moins d'une fois par mois)","Les moments de prière/dévotion (pour la stabilité spirituelle).;Les séminaires/enseignements thématiques (sur l'éthique, le leadership, la gestion du temps).","Oui","5","Oui, une fois.",""